recipe_id,label,recording_key,row_count,mae,rmse,r2,bias,seed_count,row_count_std,mae_std,rmse_std,r2_std,bias_std
fpos_paired_context,Paired-only context,PAIRED_BOYDEN::paired_boyden32c::1103_1_1,10.0,0.0985587898232117,0.1162129999580821,-1.431553829716799,0.0240283601835416,10,0.0,0.0326037624243324,0.0394951433101833,1.6697708863296,0.0852819584159433
fpos_paired_context,Paired-only context,PAIRED_BOYDEN::paired_boyden32c::419_1_8,11.0,0.0548454854697032,0.069158025130712,-0.0952434096335096,-0.0361977573296391,9,0.0,0.0073391411652339,0.0103457011693088,0.3323203423644824,0.0271500969674784
fpos_paired_context,Paired-only context,PAIRED_CRCNS_HC1::paired_crcns::d11221_d11221.001,1.0,0.3109212844312169,0.3109212844312169,,-0.3109212844312169,12,0.0,0.1121460583192236,0.1121460583192236,0.0,0.1121460583192236
fpos_paired_context,Paired-only context,PAIRED_CRCNS_HC1::paired_crcns::d11222_d11222.002,8.0,0.1431412312973088,0.1917119905846213,-0.0732070566622387,0.0149605644400198,11,0.0,0.0375894586371576,0.0258371531739293,0.3009502842116709,0.080985024007596
fpos_paired_context,Paired-only context,PAIRED_ENGLISH::paired_english::m139_200114_191955,3.0,0.3057574437131234,0.333408680074075,-6.0620407000856344,-0.29622568584671,12,0.0,0.0864643492319712,0.0777056618193294,2.9778502493783616,0.1080572259436271
fpos_paired_context,Paired-only context,PAIRED_ENGLISH::paired_english::m139_200114_222743,7.0,0.1171090592384476,0.1338782296712342,-1.0845206367627176,0.1018068786618578,13,0.0,0.0477884506027644,0.0474370310429155,1.4486117470363191,0.0576352898900572
fpos_paired_context,Paired-only context,PAIRED_ENGLISH::paired_english::m14_190326_155432,3.0,0.1348939718657431,0.1564762022521016,-4.155398216442646,0.1324519199391375,14,0.0,0.0821350157370969,0.093061283138777,4.84360783470988,0.0851413901757867
fpos_paired_context,Paired-only context,PAIRED_ENGLISH::paired_english::m15_190315_142052_cell1,6.0,0.2525829883789435,0.2861692044665733,0.0866926792394714,-0.0204072939198103,10,0.0,0.0345782269091483,0.0316313802546468,0.1995701234711847,0.0779960905639977
fpos_paired_context,Paired-only context,PAIRED_ENGLISH::paired_english::m15_190315_152315_cell1,6.0,0.1977056669501537,0.245722105231244,0.3670715692822142,0.0966790457764926,10,0.0,0.0420054076346883,0.0334401153971678,0.1616645193885238,0.1003223075587469
fpos_paired_context,Paired-only context,PAIRED_ENGLISH::paired_english::m26_190524_100859_cell1,3.0,0.1620401325481726,0.1941953292162126,-0.4714558658157756,-0.0540977496904674,12,0.0,0.0513797061774333,0.0643950695157033,1.0012762471915475,0.1175337223153287
fpos_paired_context,Paired-only context,PAIRED_ENGLISH::paired_english::m57_191105_141906,6.0,0.1227933925891477,0.144854071096473,-5.649570196444221,0.0384412788645686,12,0.0,0.0321309326884617,0.0363038905044779,3.338448512599705,0.0976523967355896
fpos_paired_context,Paired-only context,PAIRED_ENGLISH::paired_english::m57_191105_160026,10.0,0.2401030932897903,0.2761805766606877,0.1212230208363697,-0.056769447980124,11,0.0,0.0369347436420405,0.0385824904158429,0.2460600955360699,0.069203781894912
fpos_paired_context,Paired-only context,PAIRED_KAMPFF::paired_kampff::c14,6.0,0.1040553603832989,0.126736123342212,0.6452581980477506,-0.0808483562648613,9,0.0,0.0324999450277293,0.0411831628513669,0.2150250984849504,0.0620360697954941
fpos_paired_context,Paired-only context,PAIRED_MEA64C_YGER::paired_mea64c::20170622_patch1,9.0,0.0754274299999499,0.0889907586543161,0.5084515388316093,0.0425404290824048,10,0.0,0.0177305990858085,0.0173756275674038,0.2042600218555142,0.0289727529160892
fpos_paired_context,Paired-only context,PAIRED_MEA64C_YGER::paired_mea64c::20170622_patch2,11.0,0.068932710010971,0.0832107314603454,0.2834924270250243,-0.0687958886521875,8,0.0,0.0101646503346666,0.0187435301718741,0.3074999034416348,0.0103387943419996
fpos_paired_context,Paired-only context,PAIRED_BOYDEN::paired_boyden32c::509_1_1,5.0,0.0885531086064907,0.1080333808090615,-0.1231242260401471,0.0323948933893882,11,0.0,0.0269888495446809,0.02821732115796,0.533436915390175,0.0585633248452303
fpos_paired_context,Paired-only context,PAIRED_CRCNS_HC1::paired_crcns::d11222_d11222.001,6.0,0.175034463628098,0.2140479350129892,-0.3232641996695815,0.0135719952193905,8,0.0,0.046587099527737,0.0428860771852553,0.5696210042978586,0.07929020587971
fpos_paired_context,Paired-only context,PAIRED_ENGLISH::paired_english::m113_191125_204935,9.0,0.1942592277807329,0.2185155473472494,-1.4817604221911826,-0.1776244886794697,11,0.0,0.0633340667424134,0.0643009251995122,1.4722586684674486,0.0790238855909938
fpos_paired_context,Paired-only context,PAIRED_ENGLISH::paired_english::m15_190315_150831_cell1,3.0,0.0377521251123824,0.0417014751268013,-13.457818822095874,0.0342581411959583,12,0.0,0.0314836972508745,0.0321248598966568,17.712909642764323,0.0346795351286643
fpos_paired_context,Paired-only context,PAIRED_KAMPFF::paired_kampff::2015_09_03_Pair_9_0A,12.0,0.0653849012718231,0.0912531863649181,0.7326645069456017,-0.0057232246633351,8,0.0,0.0198029452985805,0.0249561490133513,0.1237955441958651,0.0259188955100492
fpos_paired_context,Paired-only context,PAIRED_MEA64C_YGER::paired_mea64c::20160415_patch2,8.0,0.0753895284268652,0.095122011434933,-0.8541180512904715,0.0433564041599041,13,0.0,0.037251660881332,0.0417708979930525,1.6418732561688048,0.0596252578861173
fpos_paired_context,Paired-only context,PAIRED_MEA64C_YGER::paired_mea64c::20170621_patch1,8.0,0.0746396525360914,0.1285847777917983,0.5465339899109615,-0.0283120611248362,12,0.0,0.0256629045588546,0.0405575365796138,0.2374920078998752,0.0424142612233155
fpos_paired_context,Paired-only context,PAIRED_BOYDEN::paired_boyden32c::419_1_7,17.0,0.1029101963228121,0.1376903510103018,0.2117078919140942,-0.0232581665168431,3,0.0,0.0078054593197689,0.0135118524136533,0.1539041813488745,0.0161334061411849
fpos_paired_context,Paired-only context,PAIRED_CRCNS_HC1::paired_crcns::d11221_d11221.002,7.0,0.2069303735048055,0.2566486604731328,-0.1436391084359846,-0.1998453335629728,10,0.0,0.0657585505143852,0.0777801976691817,0.6432186606388435,0.0680777595156824
fpos_paired_context,Paired-only context,PAIRED_ENGLISH::paired_english::m108_191125_171427,4.0,0.206331055078411,0.2527464958580472,-1.959182981245916,-0.1068109553581156,11,0.0,0.0312091756289171,0.0387747454631846,0.8617799650710225,0.1019706346442726
fpos_paired_context,Paired-only context,PAIRED_ENGLISH::paired_english::m57_191105_161455,6.0,0.2457044478414643,0.2813964625984073,-144.25451960510432,0.2455636931552031,11,0.0,0.0996997444781496,0.0917745664486441,90.41943139676418,0.0998457957031954
fpos_paired_context,Paired-only context,PAIRED_ENGLISH::paired_english::m57_191105_153915,5.0,0.272121085641781,0.2980076973113769,-0.5078614869200608,0.1711596575041862,10,0.0,0.0733208121540191,0.0712826840086144,0.6775487540442302,0.102861989040629
fpos_paired_context,Paired-only context,PAIRED_KAMPFF::paired_kampff::2015_09_03_Pair_9_0B,11.0,0.0446339473354542,0.0690791036857648,0.8816969591537764,-0.0318671040933527,9,0.0,0.011602680028072,0.0265441785826296,0.0881264910657692,0.0168022654612867
fpos_paired_context,Paired-only context,PAIRED_KAMPFF::paired_kampff::2014_11_25_Pair_3_0,6.0,0.0779152771319798,0.1177317503769946,0.6616600186393484,-0.0072049717714967,8,0.0,0.0294561179194388,0.0446747450854986,0.1993325018480135,0.0225146043351421
fpos_context_stack,Context-first source stack,PAIRED_BOYDEN::paired_boyden32c::1103_1_1,10.0,0.0775550146760205,0.0936706119198449,-0.5559194529480724,-0.0236606609564583,10,0.0,0.0279076229013218,0.0294265589370375,1.0087890371671169,0.0598277920450289
fpos_context_stack,Context-first source stack,PAIRED_BOYDEN::paired_boyden32c::419_1_8,11.0,0.0539100889376807,0.0723659324154518,-0.2499934539004155,-0.0327874860134774,9,0.0,0.0138298873583321,0.0185456414016954,0.6248294850465508,0.0276472262667964
fpos_context_stack,Context-first source stack,PAIRED_CRCNS_HC1::paired_crcns::d11221_d11221.001,1.0,0.4459861577645502,0.4459861577645502,,-0.4459861577645502,12,0.0,0.1115214205426333,0.1115214205426333,0.0,0.1115214205426333
fpos_context_stack,Context-first source stack,PAIRED_CRCNS_HC1::paired_crcns::d11222_d11222.002,8.0,0.1317816185847978,0.1922794267641002,-0.0790321360210524,-0.0037023089122528,11,0.0,0.0308043588306257,0.0255495447497178,0.2906078297624828,0.0555535652950412
fpos_context_stack,Context-first source stack,PAIRED_ENGLISH::paired_english::m139_200114_191955,3.0,0.3236580075795368,0.3477398803120894,-7.083908339365295,-0.3148635229578211,12,0.0,0.1208303463150765,0.1150439200861904,4.87707056029015,0.1326249913141183
fpos_context_stack,Context-first source stack,PAIRED_ENGLISH::paired_english::m139_200114_222743,7.0,0.1130144005220179,0.1303065725718659,-0.9040694832275072,0.1017985324200995,13,0.0,0.0403125674876441,0.0380456629794398,1.1600664874853632,0.0425440170780667
fpos_context_stack,Context-first source stack,PAIRED_ENGLISH::paired_english::m14_190326_155432,3.0,0.1554283109133621,0.1899839539079109,-5.929918993843003,0.1531549360819947,14,0.0,0.0958226646860456,0.0919787539233278,6.773202933081923,0.0978130513699186
fpos_context_stack,Context-first source stack,PAIRED_ENGLISH::paired_english::m15_190315_142052_cell1,6.0,0.2409585381805308,0.2782438457147718,0.1278154528823565,-0.0430601307531436,10,0.0,0.0364575018825928,0.0417294357099987,0.2542325045628088,0.0666501588706098
fpos_context_stack,Context-first source stack,PAIRED_ENGLISH::paired_english::m15_190315_152315_cell1,6.0,0.1824009401161209,0.2223494001338194,0.4377428487804617,0.1026515600264925,10,0.0,0.0796944112783155,0.0720532013372189,0.3987472801668166,0.1124533986801545
fpos_context_stack,Context-first source stack,PAIRED_ENGLISH::paired_english::m26_190524_100859_cell1,3.0,0.1413561067439283,0.1641801970023233,-0.0738572158415634,-0.0892364235515785,12,0.0,0.0489342230945976,0.0599409091864664,0.7067429495717643,0.0936295965926848
fpos_context_stack,Context-first source stack,PAIRED_ENGLISH::paired_english::m57_191105_141906,6.0,0.1127270865292484,0.1301726224354648,-4.336525366260555,-0.0145215217048757,12,0.0,0.0279905027647412,0.0308577731773245,2.4269060929450044,0.0773357200939763
fpos_context_stack,Context-first source stack,PAIRED_ENGLISH::paired_english::m57_191105_160026,10.0,0.2444747504431765,0.2762636082658284,0.1284818023664008,-0.0476847730346695,11,0.0,0.0191239722644237,0.0282912982223266,0.1714132132551044,0.0873303337231015
fpos_context_stack,Context-first source stack,PAIRED_KAMPFF::paired_kampff::c14,6.0,0.0944968211605288,0.1171452600202703,0.6866495995313402,-0.0565178883204169,9,0.0,0.0357698316875114,0.0443064854089995,0.2008654186407576,0.0748619254759733
fpos_context_stack,Context-first source stack,PAIRED_MEA64C_YGER::paired_mea64c::20170622_patch1,9.0,0.0540761047893413,0.0698196198113933,0.6586292323040606,0.0295393710712937,10,0.0,0.0173020372041013,0.0288916908745796,0.3235866808777059,0.0185947518265087
fpos_context_stack,Context-first source stack,PAIRED_MEA64C_YGER::paired_mea64c::20170622_patch2,11.0,0.0676047094136182,0.0816307040611283,0.3066023215498405,-0.0666056710142329,8,0.0,0.011479736142478,0.0194195356741522,0.360803982850516,0.0117436852167051
fpos_context_stack,Context-first source stack,PAIRED_BOYDEN::paired_boyden32c::509_1_1,5.0,0.0823013188332244,0.1086362938608425,-0.1806076963751629,0.0553986535348427,11,0.0,0.0265571362890196,0.0361066355240099,0.803942081049923,0.0405241592074464
fpos_context_stack,Context-first source stack,PAIRED_CRCNS_HC1::paired_crcns::d11222_d11222.001,6.0,0.1651426114298453,0.1997625997172998,-0.1271588292928896,0.0134193149485571,8,0.0,0.0207615211383738,0.0262324973578009,0.3208107061632006,0.0284669170165864
fpos_context_stack,Context-first source stack,PAIRED_ENGLISH::paired_english::m113_191125_204935,9.0,0.1991267902819648,0.2167726107050467,-1.56536829782994,-0.1825511504168434,11,0.0,0.0806914589483159,0.081493520604198,1.715541194164852,0.0963603751542416
fpos_context_stack,Context-first source stack,PAIRED_ENGLISH::paired_english::m15_190315_150831_cell1,3.0,0.093429091746894,0.0997154407831193,-100.24335227724592,0.0891763527237361,12,0.0,0.0966180429821084,0.0972695765786027,182.057016087435,0.1003957190311296
fpos_context_stack,Context-first source stack,PAIRED_KAMPFF::paired_kampff::2015_09_03_Pair_9_0A,12.0,0.0682020223278262,0.0929482840145496,0.72973207147962,0.0006929065033315,8,0.0,0.0201104199526088,0.0202173939714867,0.1119752950713874,0.0372179444201332
fpos_context_stack,Context-first source stack,PAIRED_MEA64C_YGER::paired_mea64c::20160415_patch2,8.0,0.0785749825711012,0.0999393385952478,-1.3800725078118532,0.0602832412022118,13,0.0,0.0573988429796097,0.0621833306435677,3.6215943376896553,0.0667839415665564
fpos_context_stack,Context-first source stack,PAIRED_MEA64C_YGER::paired_mea64c::20170621_patch1,8.0,0.0932588989839893,0.1721102897815954,0.2497672007047587,-0.0501509903331695,12,0.0,0.0125964853787734,0.0213087921469853,0.1837406125721412,0.0391203143663068
fpos_context_stack,Context-first source stack,PAIRED_BOYDEN::paired_boyden32c::419_1_7,17.0,0.0945364523438092,0.1291394184916136,0.302410650173352,-0.0322658716737058,3,0.0,0.0070413428071664,0.0161796580658592,0.1774265892151504,0.0183160205780437
fpos_context_stack,Context-first source stack,PAIRED_CRCNS_HC1::paired_crcns::d11221_d11221.002,7.0,0.2158136380794341,0.2532203750190531,-0.117574730870778,-0.2016269058486871,10,0.0,0.0777238604598263,0.0784771613782424,0.6295042080677118,0.0911330494911003
fpos_context_stack,Context-first source stack,PAIRED_ENGLISH::paired_english::m108_191125_171427,4.0,0.2589142831939181,0.3014082489939761,-3.14025565940884,-0.1217073455399338,11,0.0,0.0175478533885148,0.0251711931037092,0.6785278861295059,0.1468922386045159
fpos_context_stack,Context-first source stack,PAIRED_ENGLISH::paired_english::m57_191105_161455,6.0,0.2431124251597628,0.3050928965058322,-175.73937607274624,0.241128410503688,11,0.0,0.1324348157987248,0.1162503713657256,140.3122455345247,0.1339615321915415
fpos_context_stack,Context-first source stack,PAIRED_ENGLISH::paired_english::m57_191105_153915,5.0,0.2154518562151234,0.2349884851253523,0.0356686982636106,0.1286254117041862,10,0.0,0.0688500891855107,0.0694715734058918,0.5035462219976784,0.0928637666592344
fpos_context_stack,Context-first source stack,PAIRED_KAMPFF::paired_kampff::2015_09_03_Pair_9_0B,11.0,0.0462795560278049,0.0656064484298466,0.8850053220828068,-0.0244196769963831,9,0.0,0.0203444885521767,0.0319242585853698,0.0972129697347027,0.0371143730448608
fpos_context_stack,Context-first source stack,PAIRED_KAMPFF::paired_kampff::2014_11_25_Pair_3_0,6.0,0.081970407352099,0.1188786841176861,0.6559228680338337,0.0072500413951699,8,0.0,0.0398441886737546,0.0446467570769611,0.2098735016914901,0.0485597188954715
fpos_pre_waveform_unlabeled,Trust-filtered unlabeled stack,PAIRED_BOYDEN::paired_boyden32c::1103_1_1,10.0,0.0646033512626951,0.0770195431535106,-0.0313026953325003,-0.0190932125664583,10,0.0,0.0214785099575759,0.0213938203660423,0.5793573012703751,0.0455188581664052
fpos_pre_waveform_unlabeled,Trust-filtered unlabeled stack,PAIRED_BOYDEN::paired_boyden32c::419_1_8,11.0,0.0490345729434913,0.0633654995321792,0.0894967648099489,-0.0347955859548916,9,0.0,0.0043452572952909,0.007062671805745,0.2000678527449882,0.0178858422272627
fpos_pre_waveform_unlabeled,Trust-filtered unlabeled stack,PAIRED_CRCNS_HC1::paired_crcns::d11221_d11221.001,1.0,0.4677893327645502,0.4677893327645502,,-0.4677893327645502,12,0.0,0.1126325538249699,0.1126325538249699,0.0,0.1126325538249699
fpos_pre_waveform_unlabeled,Trust-filtered unlabeled stack,PAIRED_CRCNS_HC1::paired_crcns::d11222_d11222.002,8.0,0.1405951804645942,0.1994893133773061,-0.1696260336068954,0.0038733759627471,11,0.0,0.0344469225122856,0.0314171621302478,0.376415315544174,0.0585697104043208
fpos_pre_waveform_unlabeled,Trust-filtered unlabeled stack,PAIRED_ENGLISH::paired_english::m139_200114_191955,3.0,0.3060142867964567,0.3293213781397269,-6.01138462366703,-0.3033916511522656,12,0.0,0.0921651685553812,0.0889172346388824,3.5378746257108844,0.0964692792329606
fpos_pre_waveform_unlabeled,Trust-filtered unlabeled stack,PAIRED_ENGLISH::paired_english::m139_200114_222743,7.0,0.1052367961670561,0.1210791189725072,-0.5818124912174037,0.0912009113761435,13,0.0,0.0259703287090118,0.0254631385846638,0.6494283769259488,0.035059813059313
fpos_pre_waveform_unlabeled,Trust-filtered unlabeled stack,PAIRED_ENGLISH::paired_english::m14_190326_155432,3.0,0.1395797768473944,0.1695172709887138,-4.695840107454577,0.1360771302248518,14,0.0,0.092517695652704,0.0887903176647663,5.565950465277104,0.0950269838912162
fpos_pre_waveform_unlabeled,Trust-filtered unlabeled stack,PAIRED_ENGLISH::paired_english::m15_190315_142052_cell1,6.0,0.2296379938183906,0.2696868929006271,0.183075349424791,-0.0535099375198103,10,0.0,0.0323051631829876,0.0376095619096334,0.2262844127933392,0.0666327080550878
fpos_pre_waveform_unlabeled,Trust-filtered unlabeled stack,PAIRED_ENGLISH::paired_english::m15_190315_152315_cell1,6.0,0.1991821276501537,0.2547538397123924,0.311431119561527,0.0982910428098259,10,0.0,0.0556363892786153,0.0447694197141401,0.2401866156058187,0.1255962329742944
fpos_pre_waveform_unlabeled,Trust-filtered unlabeled stack,PAIRED_ENGLISH::paired_english::m26_190524_100859_cell1,3.0,0.1535566221143661,0.1842478045262305,-0.4015140029606939,-0.1100754809404673,12,0.0,0.0603200487623036,0.0769523166803456,0.9924877095579868,0.0989690216749638
fpos_pre_waveform_unlabeled,Trust-filtered unlabeled stack,PAIRED_ENGLISH::paired_english::m57_191105_141906,6.0,0.1073463619776457,0.1276096394227479,-4.150007328033115,0.0107015322117909,12,0.0,0.0315370630832954,0.0314224104029723,2.5523616208308364,0.084166278161482
fpos_pre_waveform_unlabeled,Trust-filtered unlabeled stack,PAIRED_ENGLISH::paired_english::m57_191105_160026,10.0,0.236903031831329,0.2721018407950838,0.1485406063430314,-0.0557832464710331,11,0.0,0.0248651717479614,0.0361598228353193,0.2243478065103732,0.0787830082182447
fpos_pre_waveform_unlabeled,Trust-filtered unlabeled stack,PAIRED_KAMPFF::paired_kampff::c14,6.0,0.0879871243565857,0.1136582905759811,0.7064417831409682,-0.0730840383204169,9,0.0,0.0327457399248269,0.0421555252223134,0.2043605843328494,0.0480587772969337
fpos_pre_waveform_unlabeled,Trust-filtered unlabeled stack,PAIRED_MEA64C_YGER::paired_mea64c::20170622_patch1,9.0,0.058254074572748,0.0712608745456953,0.6851246495824531,0.028349376393516,10,0.0,0.013510457224981,0.0137205893980305,0.1293360005793861,0.0259346894427402
fpos_pre_waveform_unlabeled,Trust-filtered unlabeled stack,PAIRED_MEA64C_YGER::paired_mea64c::20170622_patch2,11.0,0.0722335065752892,0.0896084701898008,0.1760849446985786,-0.0712348193074147,8,0.0,0.0105960120177565,0.0183377366321675,0.3129263526903768,0.0113148391258785
fpos_pre_waveform_unlabeled,Trust-filtered unlabeled stack,PAIRED_BOYDEN::paired_boyden32c::509_1_1,5.0,0.066777723666588,0.0867207224126124,0.2930702120274853,0.0267972694439337,11,0.0,0.0176681921527821,0.0180806199768507,0.3249296189639789,0.0342951352527285
fpos_pre_waveform_unlabeled,Trust-filtered unlabeled stack,PAIRED_CRCNS_HC1::paired_crcns::d11222_d11222.001,6.0,0.1615714070131786,0.2003217108957422,-0.1202028627007309,-0.0035949187181094,8,0.0,0.0191421359938681,0.0146267466665425,0.1639503202286745,0.0451711128442729
fpos_pre_waveform_unlabeled,Trust-filtered unlabeled stack,PAIRED_ENGLISH::paired_english::m113_191125_204935,9.0,0.1889059797571796,0.2101270990729426,-1.3052426143447904,-0.176446868931995,11,0.0,0.062776200755024,0.0635608093887181,1.3788089627710507,0.0764791159912658
fpos_pre_waveform_unlabeled,Trust-filtered unlabeled stack,PAIRED_ENGLISH::paired_english::m15_190315_150831_cell1,3.0,0.0796960523955881,0.082441276839177,-81.1900986063542,0.0739617254459583,12,0.0,0.0936085968174663,0.0946371174533143,153.0481026209835,0.0981652921028428
fpos_pre_waveform_unlabeled,Trust-filtered unlabeled stack,PAIRED_KAMPFF::paired_kampff::2015_09_03_Pair_9_0A,12.0,0.0613697556844711,0.0842188529801173,0.7645548494621124,0.0012365477429148,8,0.0,0.0265716095878265,0.0280980762373177,0.1459363145723753,0.048009010514013
fpos_pre_waveform_unlabeled,Trust-filtered unlabeled stack,PAIRED_MEA64C_YGER::paired_mea64c::20160415_patch2,8.0,0.0800901721111753,0.1010453706139034,-1.2477715555490538,0.0652749780916349,13,0.0,0.0502227981615957,0.0536128168251947,2.4465491763296945,0.0625367743637217
fpos_pre_waveform_unlabeled,Trust-filtered unlabeled stack,PAIRED_MEA64C_YGER::paired_mea64c::20170621_patch1,8.0,0.0895211132355276,0.1604613987523132,0.3394110138360312,-0.0453689890873362,12,0.0,0.0113614910550105,0.0271004256374782,0.219433332662002,0.0402289574469763
fpos_pre_waveform_unlabeled,Trust-filtered unlabeled stack,PAIRED_BOYDEN::paired_boyden32c::419_1_7,17.0,0.0985578342167822,0.1364721873061488,0.2257222370360929,-0.0403107068305686,3,0.0,0.0076055929084487,0.0132759393644246,0.1529658868082727,0.010939888497331
fpos_pre_waveform_unlabeled,Trust-filtered unlabeled stack,PAIRED_CRCNS_HC1::paired_crcns::d11221_d11221.002,7.0,0.24259073275844,0.2850362476245008,-0.4811666049077091,-0.2384204370772586,10,0.0,0.1043494389227385,0.1090789172090326,1.0068057690371786,0.108984275541897
fpos_pre_waveform_unlabeled,Trust-filtered unlabeled stack,PAIRED_ENGLISH::paired_english::m108_191125_171427,4.0,0.2474395064104937,0.298305018807625,-3.0992584841440975,-0.1313335382672065,11,0.0,0.0461996364440352,0.0398596176259105,1.157065703078269,0.1706088071210276
fpos_pre_waveform_unlabeled,Trust-filtered unlabeled stack,PAIRED_ENGLISH::paired_english::m57_191105_161455,6.0,0.2389310132677362,0.2898848529843075,-162.3007904986823,0.2385603018976273,11,0.0,0.1413625529211667,0.1202391697067225,137.89365402672107,0.1416640592705225
fpos_pre_waveform_unlabeled,Trust-filtered unlabeled stack,PAIRED_ENGLISH::paired_english::m57_191105_153915,5.0,0.203027493041781,0.227242548730042,0.1105695036829351,0.1150915761041862,10,0.0,0.0600486854124487,0.0611790267003493,0.4064594546327628,0.0918352334971535
fpos_pre_waveform_unlabeled,Trust-filtered unlabeled stack,PAIRED_KAMPFF::paired_kampff::2015_09_03_Pair_9_0B,11.0,0.0451867129955358,0.0669294669052931,0.8751112445017708,-0.0203729918913326,9,0.0,0.0206899866989261,0.0360808828203128,0.1322581854947402,0.0406654024885643
fpos_pre_waveform_unlabeled,Trust-filtered unlabeled stack,PAIRED_KAMPFF::paired_kampff::2014_11_25_Pair_3_0,6.0,0.085787237258361,0.1226713594828819,0.6531424809849465,0.0054092906868366,8,0.0,0.0277715577322775,0.0347493493207944,0.1780569471476552,0.0417199808064271
fpos_waveform_winner,Waveform-augmented stack,PAIRED_BOYDEN::paired_boyden32c::1103_1_1,10.0,0.0663143844796666,0.0775676689184016,-0.1369732680280566,-0.0184610609464583,10,0.0,0.0286305920242046,0.0320573234437167,1.0580868853001082,0.0510646027672469
fpos_waveform_winner,Waveform-augmented stack,PAIRED_BOYDEN::paired_boyden32c::419_1_8,11.0,0.0508408017874815,0.0661834565543202,0.0033291378694483,-0.0344139638175179,9,0.0,0.0061162602859647,0.0083381804633545,0.2494098553621916,0.0196783202013249
fpos_waveform_winner,Waveform-augmented stack,PAIRED_CRCNS_HC1::paired_crcns::d11221_d11221.001,1.0,0.4373428419312169,0.4373428419312169,,-0.4373428419312169,12,0.0,0.1220565006636429,0.1220565006636429,0.0,0.1220565006636429
fpos_waveform_winner,Waveform-augmented stack,PAIRED_CRCNS_HC1::paired_crcns::d11222_d11222.002,8.0,0.1376161700489011,0.1992407969430099,-0.1566448391100488,-0.0045370838213437,11,0.0,0.0344991092265941,0.0251693301785791,0.2876530104087303,0.0626806379140103
fpos_waveform_winner,Waveform-augmented stack,PAIRED_ENGLISH::paired_english::m139_200114_191955,3.0,0.3265958567462035,0.3510591499970295,-7.069909848476704,-0.3219196771244877,12,0.0,0.1101228925867425,0.1033599842230293,4.5886048369383765,0.1165378235565891
fpos_waveform_winner,Waveform-augmented stack,PAIRED_ENGLISH::paired_english::m139_200114_222743,7.0,0.1078349287713776,0.1255776130829184,-0.7157098262668666,0.0958070772882314,13,0.0,0.031836677502464,0.0288898639680077,0.7872798833669142,0.0358779566003281
fpos_waveform_winner,Waveform-augmented stack,PAIRED_ENGLISH::paired_english::m14_190326_155432,3.0,0.1394457975909506,0.1693337046221815,-4.593256790726185,0.1348222895581852,14,0.0,0.0915684575859828,0.0853603604956928,5.42676147462907,0.0949153944486334
fpos_waveform_winner,Waveform-augmented stack,PAIRED_ENGLISH::paired_english::m15_190315_142052_cell1,6.0,0.2300780398526658,0.2667903454422165,0.2005111148891836,-0.0533632134198103,10,0.0,0.0315854006871029,0.0372278200910609,0.2239967438662364,0.047352656057782
fpos_waveform_winner,Waveform-augmented stack,PAIRED_ENGLISH::paired_english::m15_190315_152315_cell1,6.0,0.1997600651001537,0.2555576770797103,0.3051658300114127,0.0965227782598259,10,0.0,0.0571015239531835,0.0469345444063413,0.253174130269875,0.1271213742215561
fpos_waveform_winner,Waveform-augmented stack,PAIRED_ENGLISH::paired_english::m26_190524_100859_cell1,3.0,0.15272140197635,0.1859004550717809,-0.3982682021507108,-0.120203627857134,12,0.0,0.0567149146025044,0.0722329559309881,0.9298136734372336,0.0844160316747486
fpos_waveform_winner,Waveform-augmented stack,PAIRED_ENGLISH::paired_english::m57_191105_141906,6.0,0.0965631279679425,0.1134450092393845,-3.0485905422338724,-0.0047851678159868,12,0.0,0.0233054079910975,0.0266081672150681,1.973356950159752,0.0686966238342784
fpos_waveform_winner,Waveform-augmented stack,PAIRED_ENGLISH::paired_english::m57_191105_160026,10.0,0.2407300586578324,0.2777165471841148,0.1151563286333685,-0.0673856048892149,11,0.0,0.0214157218609926,0.0342737477825477,0.2170454519952298,0.0723364680123433
fpos_waveform_winner,Waveform-augmented stack,PAIRED_KAMPFF::paired_kampff::c14,6.0,0.0909529454805029,0.1164171575666608,0.6807254073265497,-0.0701094023944909,9,0.0,0.0352000385638185,0.0492918092462274,0.2367555053540943,0.0578536715863145
fpos_waveform_winner,Waveform-augmented stack,PAIRED_MEA64C_YGER::paired_mea64c::20170622_patch1,9.0,0.0615376857481443,0.0758083756397076,0.631205823807222,0.0323563249157382,10,0.0,0.0179377136855893,0.020524679574621,0.2247559586665869,0.0271864519321911
fpos_waveform_winner,Waveform-augmented stack,PAIRED_MEA64C_YGER::paired_mea64c::20170622_patch2,11.0,0.0693420007902228,0.0842379248948518,0.274828369287352,-0.0670837317118465,8,0.0,0.0111763275229216,0.0163490590798101,0.265107267066079,0.0130024058956894
fpos_waveform_winner,Waveform-augmented stack,PAIRED_BOYDEN::paired_boyden32c::509_1_1,5.0,0.0732350683324041,0.0938291281712951,0.1635745832708508,0.0401649384984791,11,0.0,0.0195416944677859,0.0219311453705257,0.3866442064216955,0.0373722073577764
fpos_waveform_winner,Waveform-augmented stack,PAIRED_CRCNS_HC1::paired_crcns::d11222_d11222.001,6.0,0.1550997665548453,0.196335945010717,-0.0741268426628902,-0.0126353005931094,8,0.0,0.016084221563814,0.0116428101587622,0.1300961974166116,0.0414110362453565
fpos_waveform_winner,Waveform-augmented stack,PAIRED_ENGLISH::paired_english::m113_191125_204935,9.0,0.1828868531451078,0.2037883280933892,-1.188618939629355,-0.1700900434269445,11,0.0,0.0631646104720091,0.0650042956482844,1.3914535138842397,0.0768653595456884
fpos_waveform_winner,Waveform-augmented stack,PAIRED_ENGLISH::paired_english::m15_190315_150831_cell1,3.0,0.0812312772737059,0.0852038644295188,-89.75415138581435,0.0763991174181805,12,0.0,0.0986346956441038,0.1006700360843746,165.88351074118594,0.1023634686987298
fpos_waveform_winner,Waveform-augmented stack,PAIRED_KAMPFF::paired_kampff::2015_09_03_Pair_9_0A,12.0,0.0590216465402086,0.0809784960951245,0.785563106958416,-0.0042016924341685,8,0.0,0.0190304827336511,0.0249294662224095,0.1203318172731358,0.0339681347826811
fpos_waveform_winner,Waveform-augmented stack,PAIRED_MEA64C_YGER::paired_mea64c::20160415_patch2,8.0,0.0902528633705091,0.1096959899794141,-1.8219514743208924,0.0717544894685579,13,0.0,0.0613359755554398,0.0662846065049352,3.718722313937348,0.0756282374152693
fpos_waveform_winner,Waveform-augmented stack,PAIRED_MEA64C_YGER::paired_mea64c::20170621_patch1,8.0,0.0967682555077434,0.1713551963982053,0.2562859724995016,-0.0495519034498362,12,0.0,0.0170744745180336,0.0212622358114616,0.183150240169021,0.0408373496852062
fpos_waveform_winner,Waveform-augmented stack,PAIRED_BOYDEN::paired_boyden32c::419_1_7,17.0,0.096642505746194,0.1314206600675181,0.278540794534246,-0.0359252576148823,3,0.0,0.0094050869306847,0.0157157715125915,0.1772313006372462,0.0114251532926641
fpos_waveform_winner,Waveform-augmented stack,PAIRED_CRCNS_HC1::paired_crcns::d11221_d11221.002,7.0,0.252951623229935,0.2948979807633977,-0.5788235804032201,-0.2470883105629728,10,0.0,0.1088954497941443,0.1109966636552075,1.0218857402090753,0.1154654139715027
fpos_waveform_winner,Waveform-augmented stack,PAIRED_ENGLISH::paired_english::m108_191125_171427,4.0,0.2544160115334895,0.3025073647609115,-3.1833152450027993,-0.1340075364490247,11,0.0,0.0377864777904115,0.0303518317358678,0.8400949170055466,0.1760697092847408
fpos_waveform_winner,Waveform-augmented stack,PAIRED_ENGLISH::paired_english::m57_191105_161455,6.0,0.2406204229539974,0.2912658666811568,-167.4430894952463,0.2398929484733849,11,0.0,0.1496667488050222,0.1294462307518873,160.0102055764973,0.1502078855582077
fpos_waveform_winner,Waveform-augmented stack,PAIRED_ENGLISH::paired_english::m57_191105_153915,5.0,0.2141247435196957,0.2410882217238635,-0.0239699602152843,0.1234627669041861,10,0.0,0.0792226852591793,0.0750724272746029,0.5356306331680996,0.101410891950743
fpos_waveform_winner,Waveform-augmented stack,PAIRED_KAMPFF::paired_kampff::2015_09_03_Pair_9_0B,11.0,0.0431498220614228,0.0644381897507556,0.8978148920512837,-0.0241172192782012,9,0.0,0.0138479036338143,0.0240437107615539,0.070466185497762,0.0313521323795762
fpos_waveform_winner,Waveform-augmented stack,PAIRED_KAMPFF::paired_kampff::2014_11_25_Pair_3_0,6.0,0.0862922101750277,0.1249210019469417,0.6418455113205085,0.0021079051035033,8,0.0,0.0304874750972005,0.0343506231429469,0.1701442990439252,0.0400983385871596
