row_uid,study_set,y_true,y_pred
PAIRED_BOYDEN::paired_boyden32c::1103_1_1::IronClust::4,PAIRED_BOYDEN,0.11363636363636363,0.02102964
PAIRED_BOYDEN::paired_boyden32c::1103_1_1::JRClust::18,PAIRED_BOYDEN,0.26138147566718994,0.182888
PAIRED_BOYDEN::paired_boyden32c::1103_1_1::KiloSort::111,PAIRED_BOYDEN,0.11241007194244604,0.03161786
PAIRED_BOYDEN::paired_boyden32c::1103_1_1::KiloSort2::33,PAIRED_BOYDEN,0.17066290550070523,0.12090788
PAIRED_BOYDEN::paired_boyden32c::1103_1_1::KiloSort2::55,PAIRED_BOYDEN,0.3333333333333333,0.10115314
PAIRED_BOYDEN::paired_boyden32c::1103_1_1::KiloSort2::60,PAIRED_BOYDEN,0.15878378378378377,0.022073008
PAIRED_BOYDEN::paired_boyden32c::1103_1_1::Klusta::12,PAIRED_BOYDEN,0.156686626746507,0.079730935
PAIRED_BOYDEN::paired_boyden32c::1103_1_1::MountainSort4::26,PAIRED_BOYDEN,0.30532212885154064,0.33008286
PAIRED_BOYDEN::paired_boyden32c::1103_1_1::SpykingCircus::27,PAIRED_BOYDEN,0.12258064516129032,0.06812221
PAIRED_BOYDEN::paired_boyden32c::1103_1_1::Tridesclous::3,PAIRED_BOYDEN,0.2613268608414239,0.17940882
PAIRED_BOYDEN::paired_boyden32c::509_1_1::IronClust::3,PAIRED_BOYDEN,0.09424083769633508,0.047740523
PAIRED_BOYDEN::paired_boyden32c::509_1_1::JRClust::9,PAIRED_BOYDEN,0.24861878453038674,0.1733365
PAIRED_BOYDEN::paired_boyden32c::509_1_1::KiloSort2::14,PAIRED_BOYDEN,0.3333333333333333,0.34246653
PAIRED_BOYDEN::paired_boyden32c::509_1_1::MountainSort4::20,PAIRED_BOYDEN,0.06179775280898876,0.038397573
PAIRED_BOYDEN::paired_boyden32c::509_1_1::SpykingCircus::11,PAIRED_BOYDEN,0.27137546468401486,0.22181508
PAIRED_CRCNS_HC1::paired_crcns::d11221_d11221.001::SpykingCircus::6,PAIRED_CRCNS_HC1,0.8835978835978836,0.36790544
PAIRED_CRCNS_HC1::paired_crcns::d11221_d11221.002::JRClust::9,PAIRED_CRCNS_HC1,0.8213716108452951,0.4910736
PAIRED_CRCNS_HC1::paired_crcns::d11221_d11221.002::KiloSort::9,PAIRED_CRCNS_HC1,0.7609467455621302,0.49859658
PAIRED_CRCNS_HC1::paired_crcns::d11221_d11221.002::KiloSort2::12,PAIRED_CRCNS_HC1,0.2979274611398964,0.03277658
PAIRED_CRCNS_HC1::paired_crcns::d11221_d11221.002::Klusta::6,PAIRED_CRCNS_HC1,0.24229979466119098,0.02211879
PAIRED_CRCNS_HC1::paired_crcns::d11221_d11221.002::MountainSort4::8,PAIRED_CRCNS_HC1,0.8635667548378115,0.24185708
PAIRED_CRCNS_HC1::paired_crcns::d11221_d11221.002::SpykingCircus::8,PAIRED_CRCNS_HC1,0.33130493576741044,0.05083923
PAIRED_CRCNS_HC1::paired_crcns::d11221_d11221.002::Tridesclous::2,PAIRED_CRCNS_HC1,0.6967509025270758,0.5432939
PAIRED_ENGLISH::paired_english::m108_191125_171427::IronClust::18,PAIRED_ENGLISH,0.3846690219412421,0.4084661
PAIRED_ENGLISH::paired_english::m108_191125_171427::KiloSort2::36,PAIRED_ENGLISH,0.2991057972470612,0.06651986
PAIRED_ENGLISH::paired_english::m108_191125_171427::MountainSort4::36,PAIRED_ENGLISH,0.6539601027059055,0.5032257
PAIRED_ENGLISH::paired_english::m108_191125_171427::SpykingCircus::13,PAIRED_ENGLISH,0.6083708370837083,0.106377654
PAIRED_ENGLISH::paired_english::m113_191125_204935::HerdingSpikes2::6,PAIRED_ENGLISH,0.489851150202977,0.14737071
PAIRED_ENGLISH::paired_english::m113_191125_204935::IronClust::2,PAIRED_ENGLISH,0.5610738255033557,0.2658263
PAIRED_ENGLISH::paired_english::m113_191125_204935::KiloSort::62,PAIRED_ENGLISH,0.28205128205128205,0.23807055
PAIRED_ENGLISH::paired_english::m113_191125_204935::MountainSort4::16,PAIRED_ENGLISH,0.43078512396694213,0.18199615
PAIRED_ENGLISH::paired_english::m113_191125_204935::MountainSort4::17,PAIRED_ENGLISH,0.4262746899402848,0.07556134
PAIRED_ENGLISH::paired_english::m113_191125_204935::MountainSort4::7,PAIRED_ENGLISH,0.4074074074074074,0.34372178
PAIRED_ENGLISH::paired_english::m113_191125_204935::MountainSort4::9,PAIRED_ENGLISH,0.8220965637233579,0.3176907
PAIRED_ENGLISH::paired_english::m113_191125_204935::SpykingCircus::1,PAIRED_ENGLISH,0.40674603174603174,0.29698142
PAIRED_ENGLISH::paired_english::m113_191125_204935::SpykingCircus::17,PAIRED_ENGLISH,0.3757286698463169,0.22972353
PAIRED_ENGLISH::paired_english::m14_190326_155432::IronClust::22,PAIRED_ENGLISH,0.0481651376146789,0.050124258
PAIRED_ENGLISH::paired_english::m14_190326_155432::MountainSort4::33,PAIRED_ENGLISH,0.1981651376146789,0.22692358
PAIRED_ENGLISH::paired_english::m14_190326_155432::SpykingCircus::38,PAIRED_ENGLISH,0.013363028953229399,0.030114513
PAIRED_ENGLISH::paired_english::m15_190315_150831_cell1::KiloSort::201,PAIRED_ENGLISH,0.02662037037037037,0.07234
PAIRED_ENGLISH::paired_english::m15_190315_150831_cell1::KiloSort2::23,PAIRED_ENGLISH,0.058163265306122446,0.10533003
PAIRED_ENGLISH::paired_english::m15_190315_150831_cell1::SpykingCircus::11,PAIRED_ENGLISH,0.031609195402298854,0.0881144
PAIRED_ENGLISH::paired_english::m57_191105_153915::IronClust::4,PAIRED_ENGLISH,0.21239873194786896,0.35843098
PAIRED_ENGLISH::paired_english::m57_191105_153915::KiloSort::52,PAIRED_ENGLISH,0.25900831536803204,0.5611977
PAIRED_ENGLISH::paired_english::m57_191105_153915::KiloSort2::19,PAIRED_ENGLISH,0.29264475743348983,0.53152305
PAIRED_ENGLISH::paired_english::m57_191105_153915::MountainSort4::24,PAIRED_ENGLISH,0.894797643343987,0.3946486
PAIRED_ENGLISH::paired_english::m57_191105_153915::SpykingCircus::30,PAIRED_ENGLISH,0.38353953738569124,0.6476
PAIRED_ENGLISH::paired_english::m57_191105_160026::HerdingSpikes2::1,PAIRED_ENGLISH,0.13630229419703105,0.24055585
PAIRED_ENGLISH::paired_english::m57_191105_160026::IronClust::2,PAIRED_ENGLISH,0.5044008124576845,0.16125357
PAIRED_ENGLISH::paired_english::m57_191105_160026::IronClust::3,PAIRED_ENGLISH,0.05838815789473684,0.22684298
PAIRED_ENGLISH::paired_english::m57_191105_160026::KiloSort::127,PAIRED_ENGLISH,0.5003422313483915,0.19114171
PAIRED_ENGLISH::paired_english::m57_191105_160026::KiloSort::6,PAIRED_ENGLISH,0.02531645569620253,0.1725783
PAIRED_ENGLISH::paired_english::m57_191105_160026::MountainSort4::23,PAIRED_ENGLISH,0.6737967914438503,0.15979491
PAIRED_ENGLISH::paired_english::m57_191105_160026::MountainSort4::25,PAIRED_ENGLISH,0.14568081991215226,0.34074944
PAIRED_ENGLISH::paired_english::m57_191105_160026::SpykingCircus::2,PAIRED_ENGLISH,0.6860282574568289,0.5054563
PAIRED_ENGLISH::paired_english::m57_191105_160026::SpykingCircus::4,PAIRED_ENGLISH,0.056790123456790124,0.26257297
PAIRED_ENGLISH::paired_english::m57_191105_160026::Tridesclous::0,PAIRED_ENGLISH,0.8589226823012093,0.2629207
PAIRED_KAMPFF::paired_kampff::2014_11_25_Pair_3_0::HerdingSpikes2::13,PAIRED_KAMPFF,0.025714285714285714,0.046614025
PAIRED_KAMPFF::paired_kampff::2014_11_25_Pair_3_0::IronClust::2,PAIRED_KAMPFF,0.017241379310344827,0.047966957
PAIRED_KAMPFF::paired_kampff::2014_11_25_Pair_3_0::KiloSort::11,PAIRED_KAMPFF,0.6041426927502876,0.42786866
PAIRED_KAMPFF::paired_kampff::2014_11_25_Pair_3_0::KiloSort2::7,PAIRED_KAMPFF,0.005763688760806916,0.048035298
PAIRED_KAMPFF::paired_kampff::2014_11_25_Pair_3_0::MountainSort4::5,PAIRED_KAMPFF,0.025280898876404494,0.08649501
PAIRED_KAMPFF::paired_kampff::2014_11_25_Pair_3_0::SpykingCircus::0,PAIRED_KAMPFF,0.04696132596685083,0.09688257
PAIRED_KAMPFF::paired_kampff::2015_09_03_Pair_9_0B::HerdingSpikes2::4,PAIRED_KAMPFF,0.05299492385786802,0.055869304
PAIRED_KAMPFF::paired_kampff::2015_09_03_Pair_9_0B::IronClust::4,PAIRED_KAMPFF,0.04985754985754986,0.021203805
PAIRED_KAMPFF::paired_kampff::2015_09_03_Pair_9_0B::JRClust::21,PAIRED_KAMPFF,0.0070407040704070405,0.01711226
PAIRED_KAMPFF::paired_kampff::2015_09_03_Pair_9_0B::KiloSort::6,PAIRED_KAMPFF,0.040098704503392965,0.018354544
PAIRED_KAMPFF::paired_kampff::2015_09_03_Pair_9_0B::KiloSort2::26,PAIRED_KAMPFF,0.05909764880321966,0.024700206
PAIRED_KAMPFF::paired_kampff::2015_09_03_Pair_9_0B::MountainSort4::11,PAIRED_KAMPFF,0.06803218727139722,0.015872667
PAIRED_KAMPFF::paired_kampff::2015_09_03_Pair_9_0B::MountainSort4::12,PAIRED_KAMPFF,0.16717909300538047,0.12634532
PAIRED_KAMPFF::paired_kampff::2015_09_03_Pair_9_0B::SpykingCircus::8,PAIRED_KAMPFF,0.7944485429730727,0.5147723
PAIRED_KAMPFF::paired_kampff::2015_09_03_Pair_9_0B::SpykingCircus::9,PAIRED_KAMPFF,0.04577033101757254,0.03242873
PAIRED_KAMPFF::paired_kampff::2015_09_03_Pair_9_0B::Tridesclous::0,PAIRED_KAMPFF,0.008339124391938846,0.008440258
PAIRED_KAMPFF::paired_kampff::2015_09_03_Pair_9_0B::Tridesclous::2,PAIRED_KAMPFF,0.13492450073063808,0.13623072
PAIRED_KAMPFF::paired_kampff::c14::HerdingSpikes2::6,PAIRED_KAMPFF,0.25090444775484144,0.028611897
PAIRED_KAMPFF::paired_kampff::c14::IronClust::22,PAIRED_KAMPFF,0.2240655987795576,0.04165648
PAIRED_KAMPFF::paired_kampff::c14::KiloSort2::37,PAIRED_KAMPFF,0.23899885489939474,0.054616116
PAIRED_KAMPFF::paired_kampff::c14::MountainSort4::42,PAIRED_KAMPFF,0.031842105263157894,0.007874877
PAIRED_KAMPFF::paired_kampff::c14::SpykingCircus::14,PAIRED_KAMPFF,0.0993841579953281,0.011320636
PAIRED_KAMPFF::paired_kampff::c14::Tridesclous::8,PAIRED_KAMPFF,0.7298130782302221,0.37398353
PAIRED_MEA64C_YGER::paired_mea64c::20170622_patch1::HerdingSpikes2::19,PAIRED_MEA64C_YGER,0.3048016701461378,0.3292242
PAIRED_MEA64C_YGER::paired_mea64c::20170622_patch1::HerdingSpikes2::7,PAIRED_MEA64C_YGER,0.006430868167202572,0.025504423
PAIRED_MEA64C_YGER::paired_mea64c::20170622_patch1::IronClust::8,PAIRED_MEA64C_YGER,0.32512992968511156,0.23102102
PAIRED_MEA64C_YGER::paired_mea64c::20170622_patch1::KiloSort::64,PAIRED_MEA64C_YGER,0.00022805017103762827,0.016390612
PAIRED_MEA64C_YGER::paired_mea64c::20170622_patch1::KiloSort2::23,PAIRED_MEA64C_YGER,0.0,0.024161303
PAIRED_MEA64C_YGER::paired_mea64c::20170622_patch1::Klusta::4,PAIRED_MEA64C_YGER,0.0050424628450106155,0.023476323
PAIRED_MEA64C_YGER::paired_mea64c::20170622_patch1::MountainSort4::43,PAIRED_MEA64C_YGER,0.0040494938132733405,0.027001817
PAIRED_MEA64C_YGER::paired_mea64c::20170622_patch1::SpykingCircus::18,PAIRED_MEA64C_YGER,0.00022079929344226098,0.006787604
PAIRED_MEA64C_YGER::paired_mea64c::20170622_patch1::Tridesclous::12,PAIRED_MEA64C_YGER,0.013830024537140308,0.031249084
PAIRED_MEA64C_YGER::paired_mea64c::20170622_patch2::HerdingSpikes2::16,PAIRED_MEA64C_YGER,0.18683274021352314,0.061366543
PAIRED_MEA64C_YGER::paired_mea64c::20170622_patch2::HerdingSpikes2::44,PAIRED_MEA64C_YGER,0.4028520499108734,0.13941024
PAIRED_MEA64C_YGER::paired_mea64c::20170622_patch2::HerdingSpikes2::5,PAIRED_MEA64C_YGER,0.06115992970123023,0.0011725678
PAIRED_MEA64C_YGER::paired_mea64c::20170622_patch2::IronClust::11,PAIRED_MEA64C_YGER,0.061366806136680614,0.0021407492
PAIRED_MEA64C_YGER::paired_mea64c::20170622_patch2::JRClust::31,PAIRED_MEA64C_YGER,0.06118881118881119,0.0014491072
PAIRED_MEA64C_YGER::paired_mea64c::20170622_patch2::KiloSort::5,PAIRED_MEA64C_YGER,0.06143106457242583,0.0017294884
PAIRED_MEA64C_YGER::paired_mea64c::20170622_patch2::KiloSort2::33,PAIRED_MEA64C_YGER,0.061409630146545706,0.0020419427
PAIRED_MEA64C_YGER::paired_mea64c::20170622_patch2::Klusta::14,PAIRED_MEA64C_YGER,0.05860349127182045,0.0021378105
PAIRED_MEA64C_YGER::paired_mea64c::20170622_patch2::MountainSort4::31,PAIRED_MEA64C_YGER,0.07713404182379156,0.008890314
PAIRED_MEA64C_YGER::paired_mea64c::20170622_patch2::SpykingCircus::17,PAIRED_MEA64C_YGER,0.061366806136680614,0.0019746518
PAIRED_MEA64C_YGER::paired_mea64c::20170622_patch2::Tridesclous::0,PAIRED_MEA64C_YGER,0.061366806136680614,0.0018559599
