row_uid,recording_key,study_set,true,pred
PAIRED_BOYDEN::paired_boyden32c::1103_1_1::IronClust::4,PAIRED_BOYDEN::paired_boyden32c::1103_1_1,PAIRED_BOYDEN,0.11363636363636363,0.18457748
PAIRED_BOYDEN::paired_boyden32c::1103_1_1::JRClust::18,PAIRED_BOYDEN::paired_boyden32c::1103_1_1,PAIRED_BOYDEN,0.26138147566718994,0.25806776
PAIRED_BOYDEN::paired_boyden32c::1103_1_1::KiloSort::111,PAIRED_BOYDEN::paired_boyden32c::1103_1_1,PAIRED_BOYDEN,0.11241007194244604,0.22054078
PAIRED_BOYDEN::paired_boyden32c::1103_1_1::KiloSort2::33,PAIRED_BOYDEN::paired_boyden32c::1103_1_1,PAIRED_BOYDEN,0.17066290550070523,0.13433068
PAIRED_BOYDEN::paired_boyden32c::1103_1_1::KiloSort2::55,PAIRED_BOYDEN::paired_boyden32c::1103_1_1,PAIRED_BOYDEN,0.3333333333333333,0.15909253
PAIRED_BOYDEN::paired_boyden32c::1103_1_1::KiloSort2::60,PAIRED_BOYDEN::paired_boyden32c::1103_1_1,PAIRED_BOYDEN,0.15878378378378377,0.1435612
PAIRED_BOYDEN::paired_boyden32c::1103_1_1::Klusta::12,PAIRED_BOYDEN::paired_boyden32c::1103_1_1,PAIRED_BOYDEN,0.156686626746507,0.16701661
PAIRED_BOYDEN::paired_boyden32c::1103_1_1::MountainSort4::26,PAIRED_BOYDEN::paired_boyden32c::1103_1_1,PAIRED_BOYDEN,0.30532212885154064,0.26079613
PAIRED_BOYDEN::paired_boyden32c::1103_1_1::SpykingCircus::27,PAIRED_BOYDEN::paired_boyden32c::1103_1_1,PAIRED_BOYDEN,0.12258064516129032,0.18925129
PAIRED_BOYDEN::paired_boyden32c::1103_1_1::Tridesclous::3,PAIRED_BOYDEN::paired_boyden32c::1103_1_1,PAIRED_BOYDEN,0.2613268608414239,0.2653999
PAIRED_BOYDEN::paired_boyden32c::419_1_8::IronClust::14,PAIRED_BOYDEN::paired_boyden32c::419_1_8,PAIRED_BOYDEN,0.0663265306122449,0.118437864
PAIRED_BOYDEN::paired_boyden32c::419_1_8::IronClust::4,PAIRED_BOYDEN::paired_boyden32c::419_1_8,PAIRED_BOYDEN,0.05829903978052126,0.20836893
PAIRED_BOYDEN::paired_boyden32c::419_1_8::JRClust::24,PAIRED_BOYDEN::paired_boyden32c::419_1_8,PAIRED_BOYDEN,0.08062093139709564,0.11367385
PAIRED_BOYDEN::paired_boyden32c::419_1_8::JRClust::8,PAIRED_BOYDEN::paired_boyden32c::419_1_8,PAIRED_BOYDEN,0.03907637655417407,0.09747746
PAIRED_BOYDEN::paired_boyden32c::419_1_8::KiloSort::17,PAIRED_BOYDEN::paired_boyden32c::419_1_8,PAIRED_BOYDEN,0.06424161521775405,0.110380255
PAIRED_BOYDEN::paired_boyden32c::419_1_8::KiloSort2::27,PAIRED_BOYDEN::paired_boyden32c::419_1_8,PAIRED_BOYDEN,0.1342059838895282,0.1633746
PAIRED_BOYDEN::paired_boyden32c::419_1_8::KiloSort2::46,PAIRED_BOYDEN::paired_boyden32c::419_1_8,PAIRED_BOYDEN,0.02341480088873697,0.11004939
PAIRED_BOYDEN::paired_boyden32c::419_1_8::MountainSort4::42,PAIRED_BOYDEN::paired_boyden32c::419_1_8,PAIRED_BOYDEN,0.16482219271063892,0.30697134
PAIRED_BOYDEN::paired_boyden32c::419_1_8::SpykingCircus::24,PAIRED_BOYDEN::paired_boyden32c::419_1_8,PAIRED_BOYDEN,0.24721080446271285,0.12506723
PAIRED_BOYDEN::paired_boyden32c::419_1_8::SpykingCircus::28,PAIRED_BOYDEN::paired_boyden32c::419_1_8,PAIRED_BOYDEN,0.029543112332531776,0.11457816
PAIRED_BOYDEN::paired_boyden32c::419_1_8::Tridesclous::0,PAIRED_BOYDEN::paired_boyden32c::419_1_8,PAIRED_BOYDEN,0.15585806056898133,0.2933808
PAIRED_CRCNS_HC1::paired_crcns::d11221_d11221.001::SpykingCircus::6,PAIRED_CRCNS_HC1::paired_crcns::d11221_d11221.001,PAIRED_CRCNS_HC1,0.8835978835978836,0.12438884
PAIRED_CRCNS_HC1::paired_crcns::d11222_d11222.002::IronClust::2,PAIRED_CRCNS_HC1::paired_crcns::d11222_d11222.002,PAIRED_CRCNS_HC1,0.04466019417475728,0.047100835
PAIRED_CRCNS_HC1::paired_crcns::d11222_d11222.002::JRClust::3,PAIRED_CRCNS_HC1::paired_crcns::d11222_d11222.002,PAIRED_CRCNS_HC1,0.039337474120082816,0.04332729
PAIRED_CRCNS_HC1::paired_crcns::d11222_d11222.002::KiloSort::1,PAIRED_CRCNS_HC1::paired_crcns::d11222_d11222.002,PAIRED_CRCNS_HC1,0.03337783711615487,0.05399989
PAIRED_CRCNS_HC1::paired_crcns::d11222_d11222.002::KiloSort2::10,PAIRED_CRCNS_HC1::paired_crcns::d11222_d11222.002,PAIRED_CRCNS_HC1,0.550417469492614,0.08736409
PAIRED_CRCNS_HC1::paired_crcns::d11222_d11222.002::Klusta::2,PAIRED_CRCNS_HC1::paired_crcns::d11222_d11222.002,PAIRED_CRCNS_HC1,0.008777852802160702,0.055316392
PAIRED_CRCNS_HC1::paired_crcns::d11222_d11222.002::MountainSort4::4,PAIRED_CRCNS_HC1::paired_crcns::d11222_d11222.002,PAIRED_CRCNS_HC1,0.360427807486631,0.10471864
PAIRED_CRCNS_HC1::paired_crcns::d11222_d11222.002::SpykingCircus::4,PAIRED_CRCNS_HC1::paired_crcns::d11222_d11222.002,PAIRED_CRCNS_HC1,0.11986754966887417,0.05163931
PAIRED_CRCNS_HC1::paired_crcns::d11222_d11222.002::Tridesclous::0,PAIRED_CRCNS_HC1::paired_crcns::d11222_d11222.002,PAIRED_CRCNS_HC1,0.021164021164021163,0.035432197
PAIRED_ENGLISH::paired_english::m139_200114_191955::KiloSort2::25,PAIRED_ENGLISH::paired_english::m139_200114_191955,PAIRED_ENGLISH,0.7302739726027397,0.33528125
PAIRED_ENGLISH::paired_english::m139_200114_191955::MountainSort4::36,PAIRED_ENGLISH::paired_english::m139_200114_191955,PAIRED_ENGLISH,0.8735255086994986,0.28340727
PAIRED_ENGLISH::paired_english::m139_200114_191955::SpykingCircus::42,PAIRED_ENGLISH::paired_english::m139_200114_191955,PAIRED_ENGLISH,0.5584045584045584,0.12190853
PAIRED_ENGLISH::paired_english::m139_200114_222743::HerdingSpikes2::5,PAIRED_ENGLISH::paired_english::m139_200114_222743,PAIRED_ENGLISH,0.03257707969749855,0.14870302
PAIRED_ENGLISH::paired_english::m139_200114_222743::IronClust::17,PAIRED_ENGLISH::paired_english::m139_200114_222743,PAIRED_ENGLISH,0.02675196277987787,0.16498822
PAIRED_ENGLISH::paired_english::m139_200114_222743::KiloSort::88,PAIRED_ENGLISH::paired_english::m139_200114_222743,PAIRED_ENGLISH,0.015151515151515152,0.15099496
PAIRED_ENGLISH::paired_english::m139_200114_222743::KiloSort2::26,PAIRED_ENGLISH::paired_english::m139_200114_222743,PAIRED_ENGLISH,0.028645087367516472,0.12163325
PAIRED_ENGLISH::paired_english::m139_200114_222743::MountainSort4::46,PAIRED_ENGLISH::paired_english::m139_200114_222743,PAIRED_ENGLISH,0.039886039886039885,0.21906665
PAIRED_ENGLISH::paired_english::m139_200114_222743::SpykingCircus::44,PAIRED_ENGLISH::paired_english::m139_200114_222743,PAIRED_ENGLISH,0.028064146620847653,0.12541047
PAIRED_ENGLISH::paired_english::m139_200114_222743::Tridesclous::1,PAIRED_ENGLISH::paired_english::m139_200114_222743,PAIRED_ENGLISH,0.3089646722483153,0.21918665
PAIRED_ENGLISH::paired_english::m14_190326_155432::IronClust::22,PAIRED_ENGLISH::paired_english::m14_190326_155432,PAIRED_ENGLISH,0.0481651376146789,0.22886425
PAIRED_ENGLISH::paired_english::m14_190326_155432::MountainSort4::33,PAIRED_ENGLISH::paired_english::m14_190326_155432,PAIRED_ENGLISH,0.1981651376146789,0.3498503
PAIRED_ENGLISH::paired_english::m14_190326_155432::SpykingCircus::38,PAIRED_ENGLISH::paired_english::m14_190326_155432,PAIRED_ENGLISH,0.013363028953229399,0.1661974
PAIRED_ENGLISH::paired_english::m15_190315_142052_cell1::IronClust::40,PAIRED_ENGLISH::paired_english::m15_190315_142052_cell1,PAIRED_ENGLISH,0.2679960401640503,0.37359765
PAIRED_ENGLISH::paired_english::m15_190315_142052_cell1::KiloSort2::48,PAIRED_ENGLISH::paired_english::m15_190315_142052_cell1,PAIRED_ENGLISH,0.8627861694595232,0.5766974
PAIRED_ENGLISH::paired_english::m15_190315_142052_cell1::MountainSort4::62,PAIRED_ENGLISH::paired_english::m15_190315_142052_cell1,PAIRED_ENGLISH,0.8769885383524361,0.43396086
PAIRED_ENGLISH::paired_english::m15_190315_142052_cell1::MountainSort4::64,PAIRED_ENGLISH::paired_english::m15_190315_142052_cell1,PAIRED_ENGLISH,0.14704761904761904,0.3646089
PAIRED_ENGLISH::paired_english::m15_190315_142052_cell1::SpykingCircus::22,PAIRED_ENGLISH::paired_english::m15_190315_142052_cell1,PAIRED_ENGLISH,0.23500526131182042,0.4524546
PAIRED_ENGLISH::paired_english::m15_190315_142052_cell1::SpykingCircus::57,PAIRED_ENGLISH::paired_english::m15_190315_142052_cell1,PAIRED_ENGLISH,0.6499202551834131,0.48288006
PAIRED_ENGLISH::paired_english::m15_190315_152315_cell1::IronClust::35,PAIRED_ENGLISH::paired_english::m15_190315_152315_cell1,PAIRED_ENGLISH,0.002592440987856461,0.14056662
PAIRED_ENGLISH::paired_english::m15_190315_152315_cell1::KiloSort::1,PAIRED_ENGLISH::paired_english::m15_190315_152315_cell1,PAIRED_ENGLISH,6.528267397832615e-05,0.17883113
PAIRED_ENGLISH::paired_english::m15_190315_152315_cell1::KiloSort2::37,PAIRED_ENGLISH::paired_english::m15_190315_152315_cell1,PAIRED_ENGLISH,0.00039059957034047265,0.16120805
PAIRED_ENGLISH::paired_english::m15_190315_152315_cell1::MountainSort4::72,PAIRED_ENGLISH::paired_english::m15_190315_152315_cell1,PAIRED_ENGLISH,0.052174468356855484,0.2668688
PAIRED_ENGLISH::paired_english::m15_190315_152315_cell1::SpykingCircus::46,PAIRED_ENGLISH::paired_english::m15_190315_152315_cell1,PAIRED_ENGLISH,0.010891280531030483,0.17357162
PAIRED_ENGLISH::paired_english::m15_190315_152315_cell1::Tridesclous::0,PAIRED_ENGLISH::paired_english::m15_190315_152315_cell1,PAIRED_ENGLISH,0.8482136225209834,0.53033286
PAIRED_ENGLISH::paired_english::m26_190524_100859_cell1::KiloSort::19,PAIRED_ENGLISH::paired_english::m26_190524_100859_cell1,PAIRED_ENGLISH,0.2440677966101695,0.12525143
PAIRED_ENGLISH::paired_english::m26_190524_100859_cell1::KiloSort::8,PAIRED_ENGLISH::paired_english::m26_190524_100859_cell1,PAIRED_ENGLISH,0.6505139500734214,0.1741251
PAIRED_ENGLISH::paired_english::m26_190524_100859_cell1::KiloSort2::0,PAIRED_ENGLISH::paired_english::m26_190524_100859_cell1,PAIRED_ENGLISH,0.38315988647114474,0.27728742
PAIRED_ENGLISH::paired_english::m57_191105_141906::IronClust::6,PAIRED_ENGLISH::paired_english::m57_191105_141906,PAIRED_ENGLISH,0.31826625386996904,0.1829738
PAIRED_ENGLISH::paired_english::m57_191105_141906::KiloSort::47,PAIRED_ENGLISH::paired_english::m57_191105_141906,PAIRED_ENGLISH,0.35376344086021505,0.26749495
PAIRED_ENGLISH::paired_english::m57_191105_141906::MountainSort4::21,PAIRED_ENGLISH::paired_english::m57_191105_141906,PAIRED_ENGLISH,0.3323335332933413,0.27852586
PAIRED_ENGLISH::paired_english::m57_191105_141906::MountainSort4::57,PAIRED_ENGLISH::paired_english::m57_191105_141906,PAIRED_ENGLISH,0.23853211009174313,0.18310216
PAIRED_ENGLISH::paired_english::m57_191105_141906::SpykingCircus::12,PAIRED_ENGLISH::paired_english::m57_191105_141906,PAIRED_ENGLISH,0.3535228677379481,0.30026004
PAIRED_ENGLISH::paired_english::m57_191105_141906::SpykingCircus::30,PAIRED_ENGLISH::paired_english::m57_191105_141906,PAIRED_ENGLISH,0.2040332147093713,0.066109106
PAIRED_ENGLISH::paired_english::m57_191105_160026::HerdingSpikes2::1,PAIRED_ENGLISH::paired_english::m57_191105_160026,PAIRED_ENGLISH,0.13630229419703105,0.109041184
PAIRED_ENGLISH::paired_english::m57_191105_160026::IronClust::2,PAIRED_ENGLISH::paired_english::m57_191105_160026,PAIRED_ENGLISH,0.5044008124576845,0.15350854
PAIRED_ENGLISH::paired_english::m57_191105_160026::IronClust::3,PAIRED_ENGLISH::paired_english::m57_191105_160026,PAIRED_ENGLISH,0.05838815789473684,0.21774322
PAIRED_ENGLISH::paired_english::m57_191105_160026::KiloSort::127,PAIRED_ENGLISH::paired_english::m57_191105_160026,PAIRED_ENGLISH,0.5003422313483915,0.123943105
PAIRED_ENGLISH::paired_english::m57_191105_160026::KiloSort::6,PAIRED_ENGLISH::paired_english::m57_191105_160026,PAIRED_ENGLISH,0.02531645569620253,0.15591362
PAIRED_ENGLISH::paired_english::m57_191105_160026::MountainSort4::23,PAIRED_ENGLISH::paired_english::m57_191105_160026,PAIRED_ENGLISH,0.6737967914438503,0.2121503
PAIRED_ENGLISH::paired_english::m57_191105_160026::MountainSort4::25,PAIRED_ENGLISH::paired_english::m57_191105_160026,PAIRED_ENGLISH,0.14568081991215226,0.3864315
PAIRED_ENGLISH::paired_english::m57_191105_160026::SpykingCircus::2,PAIRED_ENGLISH::paired_english::m57_191105_160026,PAIRED_ENGLISH,0.6860282574568289,0.16520828
PAIRED_ENGLISH::paired_english::m57_191105_160026::SpykingCircus::4,PAIRED_ENGLISH::paired_english::m57_191105_160026,PAIRED_ENGLISH,0.056790123456790124,0.21958794
PAIRED_ENGLISH::paired_english::m57_191105_160026::Tridesclous::0,PAIRED_ENGLISH::paired_english::m57_191105_160026,PAIRED_ENGLISH,0.8589226823012093,0.45753267
PAIRED_KAMPFF::paired_kampff::c14::HerdingSpikes2::6,PAIRED_KAMPFF::paired_kampff::c14,PAIRED_KAMPFF,0.25090444775484144,0.3310666
PAIRED_KAMPFF::paired_kampff::c14::IronClust::22,PAIRED_KAMPFF::paired_kampff::c14,PAIRED_KAMPFF,0.2240655987795576,0.3710934
PAIRED_KAMPFF::paired_kampff::c14::KiloSort2::37,PAIRED_KAMPFF::paired_kampff::c14,PAIRED_KAMPFF,0.23899885489939474,0.29108596
PAIRED_KAMPFF::paired_kampff::c14::MountainSort4::42,PAIRED_KAMPFF::paired_kampff::c14,PAIRED_KAMPFF,0.031842105263157894,0.26060882
PAIRED_KAMPFF::paired_kampff::c14::SpykingCircus::14,PAIRED_KAMPFF::paired_kampff::c14,PAIRED_KAMPFF,0.0993841579953281,0.23924825
PAIRED_KAMPFF::paired_kampff::c14::Tridesclous::8,PAIRED_KAMPFF::paired_kampff::c14,PAIRED_KAMPFF,0.7298130782302221,0.6966046
PAIRED_MEA64C_YGER::paired_mea64c::20170622_patch1::HerdingSpikes2::19,PAIRED_MEA64C_YGER::paired_mea64c::20170622_patch1,PAIRED_MEA64C_YGER,0.3048016701461378,0.17843983
PAIRED_MEA64C_YGER::paired_mea64c::20170622_patch1::HerdingSpikes2::7,PAIRED_MEA64C_YGER::paired_mea64c::20170622_patch1,PAIRED_MEA64C_YGER,0.006430868167202572,0.095393896
PAIRED_MEA64C_YGER::paired_mea64c::20170622_patch1::IronClust::8,PAIRED_MEA64C_YGER::paired_mea64c::20170622_patch1,PAIRED_MEA64C_YGER,0.32512992968511156,0.2991716
PAIRED_MEA64C_YGER::paired_mea64c::20170622_patch1::KiloSort::64,PAIRED_MEA64C_YGER::paired_mea64c::20170622_patch1,PAIRED_MEA64C_YGER,0.00022805017103762827,0.07310021
PAIRED_MEA64C_YGER::paired_mea64c::20170622_patch1::KiloSort2::23,PAIRED_MEA64C_YGER::paired_mea64c::20170622_patch1,PAIRED_MEA64C_YGER,0.0,0.07972911
PAIRED_MEA64C_YGER::paired_mea64c::20170622_patch1::Klusta::4,PAIRED_MEA64C_YGER::paired_mea64c::20170622_patch1,PAIRED_MEA64C_YGER,0.0050424628450106155,0.05951923
PAIRED_MEA64C_YGER::paired_mea64c::20170622_patch1::MountainSort4::43,PAIRED_MEA64C_YGER::paired_mea64c::20170622_patch1,PAIRED_MEA64C_YGER,0.0040494938132733405,0.08844832
PAIRED_MEA64C_YGER::paired_mea64c::20170622_patch1::SpykingCircus::18,PAIRED_MEA64C_YGER::paired_mea64c::20170622_patch1,PAIRED_MEA64C_YGER,0.00022079929344226098,0.07385086
PAIRED_MEA64C_YGER::paired_mea64c::20170622_patch1::Tridesclous::12,PAIRED_MEA64C_YGER::paired_mea64c::20170622_patch1,PAIRED_MEA64C_YGER,0.013830024537140308,0.07506555
PAIRED_MEA64C_YGER::paired_mea64c::20170622_patch2::HerdingSpikes2::16,PAIRED_MEA64C_YGER::paired_mea64c::20170622_patch2,PAIRED_MEA64C_YGER,0.18683274021352314,0.12832347
PAIRED_MEA64C_YGER::paired_mea64c::20170622_patch2::HerdingSpikes2::44,PAIRED_MEA64C_YGER::paired_mea64c::20170622_patch2,PAIRED_MEA64C_YGER,0.4028520499108734,0.23305926
PAIRED_MEA64C_YGER::paired_mea64c::20170622_patch2::HerdingSpikes2::5,PAIRED_MEA64C_YGER::paired_mea64c::20170622_patch2,PAIRED_MEA64C_YGER,0.06115992970123023,0.14540634
PAIRED_MEA64C_YGER::paired_mea64c::20170622_patch2::IronClust::11,PAIRED_MEA64C_YGER::paired_mea64c::20170622_patch2,PAIRED_MEA64C_YGER,0.061366806136680614,0.120095454
PAIRED_MEA64C_YGER::paired_mea64c::20170622_patch2::JRClust::31,PAIRED_MEA64C_YGER::paired_mea64c::20170622_patch2,PAIRED_MEA64C_YGER,0.06118881118881119,0.11484978
PAIRED_MEA64C_YGER::paired_mea64c::20170622_patch2::KiloSort::5,PAIRED_MEA64C_YGER::paired_mea64c::20170622_patch2,PAIRED_MEA64C_YGER,0.06143106457242583,0.11319153
PAIRED_MEA64C_YGER::paired_mea64c::20170622_patch2::KiloSort2::33,PAIRED_MEA64C_YGER::paired_mea64c::20170622_patch2,PAIRED_MEA64C_YGER,0.061409630146545706,0.123471
PAIRED_MEA64C_YGER::paired_mea64c::20170622_patch2::Klusta::14,PAIRED_MEA64C_YGER::paired_mea64c::20170622_patch2,PAIRED_MEA64C_YGER,0.05860349127182045,0.13273633
PAIRED_MEA64C_YGER::paired_mea64c::20170622_patch2::MountainSort4::31,PAIRED_MEA64C_YGER::paired_mea64c::20170622_patch2,PAIRED_MEA64C_YGER,0.07713404182379156,0.18223841
PAIRED_MEA64C_YGER::paired_mea64c::20170622_patch2::SpykingCircus::17,PAIRED_MEA64C_YGER::paired_mea64c::20170622_patch2,PAIRED_MEA64C_YGER,0.061366806136680614,0.1152771
PAIRED_MEA64C_YGER::paired_mea64c::20170622_patch2::Tridesclous::0,PAIRED_MEA64C_YGER::paired_mea64c::20170622_patch2,PAIRED_MEA64C_YGER,0.061366806136680614,0.11936271
